<anychart>
  <margin all="0" />
  <dashboard>
    <view type="Dashboard">
      <background enabled="fasle"/>
      <margin all="0" />
      <title padding="0">
        <text><![CDATA[延保销售额统计  （单位：元）]]></text>
      </title>
      <hbox width="100%" height="100%">
        <view name="Mainland" type="Chart" width="100%" height="100%" source="Mainland" />
        <view name="Taiwan" type="Chart" width="20%" height="100%" source="Taiwan" >
          <!-- <margin top="450"  left="-220"  right="310" bottom="60"/> -->
          <margin top="350"  left="-170"  right="240" bottom="50"/>
        </view>
      </hbox>
    </view>
  </dashboard>
	<charts>
		<chart plot_type="Map" name="Mainland">
			<chart_settings>
				<title>
		        <text></text>
		      	</title>
				<chart_background enabled="fasle"/>
				<data_plot_background enabled="false" />
				<controls>
					<color_swatch enabled="true" inside_dataplot="true"
						threshold="thrSales" position="float" anchor="leftBottom" width="40%">
						<labels>
							<format><![CDATA[{%Value}]]></format>
						</labels>
					</color_swatch>
				</controls> 
			</chart_settings>
			
			<data_plot_settings>
				<map_series source="china.amap" id_column="REGION_NAME" labels_display_mode="Always">
					<projection type="mercator" />
					<grid enabled="true">
					<parallels enabled="false"></parallels>
					<meridians enabled="false"></meridians>
					<background>
					<fill opacity="0" color="#000000"></fill>
					</background>
					</grid>
					<defined_map_region>
						<tooltip_settings enabled="True">
						    <format>
				<![CDATA[{%Province}
销售金额:{%Amount}, 数量:{%Count}{numDecimals:0}
退款金额:{%BackAmount}, 数量:{%BackCount}{numDecimals:0}]]>
							</format>
							<font falmily="Arial" bold="false" italic="fasle" color="#333333" size="12"/>
						  </tooltip_settings>
					    <label_settings enabled="false">
					      <format><![CDATA[{%Amount}]]></format>
					    </label_settings>
					    <actions> 
						<action type="call" function="loadGrid" target="_blank" >
							<arg><![CDATA[{%REGION_NAME}]]></arg>
						</action> 
						</actions> 
					</defined_map_region>
				</map_series>
			</data_plot_settings>
			<thresholds> 
				<threshold name="thrSales" type="EqualInterval" range_count="5" palette="customPalette" auto_value="{%Amount}"/> 
			</thresholds>
			<palettes>
				<palette name="customPalette" type="ColorRange" color_count="4">
					<gradient>
						<key color="Green" />
						<key color="Gold" />
						<key color="Red" />
					</gradient>
				</palette>
			</palettes>
			{%data}
		</chart>
		<chart plot_type="Map" name="Taiwan">
			<chart_settings>
				<title>
		        <text></text>
		      	</title>
				<chart_background enabled="false">
				<inside_margin all="0"></inside_margin>
					<background>
					<fill opacity="0" color="#000000"></fill>
					</background>
				</chart_background>
				<data_plot_background enabled="false" />
			</chart_settings>
			<data_plot_settings>
				<map_series source="taiwan.amap" id_column="REGION_NAME">
					<projection type="mercator" />
					<border enabled="false" />
					<grid enabled="false" />
					<defined_map_region>
					    <label_settings enabled="true">
					      <format><![CDATA[{%YValue}]]></format>
					    </label_settings>
					  </defined_map_region>
					
					<!-- <undefined_map_region palette="default">
						<tooltip_settings enabled="True">
						    <format>{%REGION_NAME}</format>
						  </tooltip_settings>
					</undefined_map_region> -->
				</map_series>
				<interactivity allow_select="false" hoverable="false" use_hand_cursor="false"></interactivity>
			</data_plot_settings>
		</chart>
	</charts>
</anychart>